dummy_id,x,y,size,gender,race,tumor_subsite,t_category,hpv,overall_survival
4,-10.82046327,1.815655102,2.1,Male,White,BOT,T1,Positive,1
11,0,0,0,Male,White,BOT,T3,Positive,1
29,-14.08850408,0.016089796,3.2,Male,Hispanic,BOT,T2,Positive,1
35,19.48470204,-1.933165306,22.9,Male,White,BOT,T3,Positive,1
36,8.250308163,-2.185732653,5.1,Male,White,BOT,T1,Positive,1
37,6.716418367,-9.442293878,21.7,Male,White,BOT,T4,Positive,1
41,-23.91640577,7.856546154,14.1,Male,White,BOT,T2,Positive,1
49,0,0,0,Male,White,BOT,T2,Positive,1
100,-15.06341344,1.151413624,61.4,Male,White,BOT,T4,Positive,1
102,10.89612653,-5.093328571,12.4,Male,White,BOT,T2,Positive,1
114,15.7513449,-0.37964898,8.5,Male,White,BOT,T2,Positive,0
121,14.51506531,-8.73307551,5.6,Male,White,BOT,T1,Positive,1
126,9.731069231,-14.07048654,22.6,Male,White,BOT,T2,Positive,1
133,-5.113520408,-2.88977551,2.5,Male,White,BOT,T2,Negative,1
134,11.6035449,1.909477551,7,Female,White,BOT,T2,Negative,1
136,0,0,0,Male,White,BOT,T1,Negative,1
145,0.118653061,-0.68292449,54.8,Male,White,BOT,T3,Positive,1
147,-6.348324,-6.023986,43.1,Male,White,BOT,T3,Positive,1
149,-19.39124286,-5.749159184,5.3,Male,White,BOT,T1,Positive,1
153,11.63679167,-4.479091667,9.9,Male,White,BOT,T2,Positive,1
158,-8.744433333,-0.255575,12.8,Female,White,BOT,T2,Positive,1
165,8.674647917,1.774127083,5.2,Male,White,BOT,T1,Negative,1
169,-36.17353542,14.90085208,25.9,Male,White,BOT,T2,Positive,1
172,-17.12395417,4.31263125,37.3,Male,White,BOT,T3,Positive,1
181,-9.692120833,-0.6722625,5,Male,White,BOT,T1,Positive,1
183,-4.509775,-13.52223333,43.2,Male,White,BOT,T4,Positive,0
184,-1.634047917,-7.17394375,25,Male,White,BOT,T4,Positive,1
192,-8.119764583,-4.540795833,23.1,Female,White,BOT,T3,Positive,1
194,17.45228958,-3.4755625,11.7,Male,Native,BOT,T2,Positive,1
195,-18.13535625,-0.765064583,4.3,Male,White,BOT,T1,Positive,1
200,-14.03619792,-2.650889583,6.2,Male,White,BOT,T2,Positive,1
206,-16.65707917,7.143347917,9.3,Male,White,BOT,T1,Positive,1
213,0,0,0,Male,White,BOT,T1,Positive,1
215,-10.9578125,-5.28218125,40,Male,White,BOT,T3,Positive,1
220,-18.7141625,-3.766966667,34.7,Male,White,BOT,T2,Positive,1
222,17.27016875,3.191370833,7,Male,White,BOT,T2,Positive,1
223,7.903672917,5.305775,4.5,Male,White,BOT,T1,Positive,1
224,0,0,0,Male,White,BOT,T1,Positive,1
225,14.68388125,0.88559375,8.9,Male,Hispanic,BOT,T3,Negative,1
232,-7.404716667,-9.331797917,15.8,Male,White,BOT,T2,Positive,1
236,0,0,0,Male,White,BOT,T1,Positive,1
242,5.465880851,3.225589362,19,Male,White,BOT,T1,Positive,1
244,11.17271042,-8.218145833,15.3,Male,White,BOT,T3,Positive,1
247,-13.93250392,-4.226568627,19.2,Male,White,BOT,T2,Positive,1
248,0,0,0,Female,White,BOT,T1,Positive,1
257,8.172222917,-8.725095833,38.3,Male,White,BOT,T2,Positive,1
263,17.7782125,4.57513125,7.1,Male,White,BOT,T1,Positive,1
267,-14.06554792,3.179620833,5.2,Male,White,BOT,T2,Positive,1
268,-13.90047292,0.101516667,16,Male,White,BOT,T2,Positive,1
271,8.327320833,-0.586564583,18.9,Male,White,BOT,T2,Positive,1
274,-4.824925,-0.237554167,12.9,Male,White,BOT,T2,Positive,1
276,-0.830117021,-1.039446809,16.7,Female,White,BOT,T2,Positive,1
278,6.355310417,-1.489679167,0.5,Male,White,BOT,T1,Positive,1
280,24,20,2.3,Male,White,BOT,T1,Positive,1
281,-9.89965625,-1.822972917,10.9,Male,White,BOT,T2,Negative,1
286,15.2724898,0.083277551,6.2,Male,White,BOT,T2,Positive,1
287,-4.84368125,-1.3826875,6.8,Male,White,BOT,T1,Positive,1
289,-6.5879375,-2.32445625,24.6,Female,White,BOT,T4,Negative,1
2000,1.161783333,1.69478125,12.6,Male,White,BOT,T2,Positive,0
2012,-7.337297959,-0.482208163,5.3,Male,White,BOT,T2,Positive,1
2016,-12.83001633,-9.710367347,9.1,Male,White,BOT,T1,Positive,1
2023,-14.64507143,2.026257143,6.2,Male,White,BOT,Tis,Positive,1
2025,-8.746804,-4.050208,22.5,Male,White,BOT,T2,Positive,1
5007,-14.32566786,-12.12780714,35.8,Male,White,BOT,T2,Positive,1
5009,9.971218,-1.954352,33.3,Male,White,BOT,T2,Positive,1
5011,5.894213462,0.598173077,45.9,Male,White,BOT,T2,Positive,1
5043,6.307025,-0.695760417,1.9,Male,White,BOT,T1,Positive,1
5053,-1.083311111,-1.524406667,5.4,Male,White,BOT,T2,Positive,1
5067,-18.06882708,6.010827083,16.2,Male,White,BOT,T4,Positive,1
5071,-6.039389583,3.388189583,3.9,Male,White,BOT,T1,Positive,1
5075,13.79914167,-2.53690625,9.3,Female,White,BOT,T2,Negative,1
5078,-13.1685125,-3.7217875,49.5,Male,White,BOT,T3,Negative,1
5080,-13.03897083,-8.96845625,10.8,Male,White,BOT,T1,Negative,1
5081,-12.46087708,-5.681897917,41.1,Male,White,BOT,T3,Positive,1
5084,4.321791667,-3.3124875,34.6,Male,White,BOT,T4,Negative,1
5085,-7.011833333,10.9664875,10.2,Male,White,BOT,T2,Positive,1
5090,11.28106667,-12.30063542,34.3,Male,White,BOT,T3,Positive,1
5100,-6.89769375,7.66890625,27.1,Male,White,BOT,T2,Positive,1
10019,7.631818,-15.719058,28.2,Male,White,BOT,T3,Unknown,1
10041,7.707696,-12.572374,13.2,Male,White,BOT,T2,Unknown,0
10054,-8.192709804,-18.93498431,37.9,Male,White,BOT,T3,Unknown,1
10062,-14.41728571,-6.108459184,19.6,Male,White,BOT,T1,Unknown,1
10065,-17.580548,0.954548,28.7,Male,White,BOT,T1,Unknown,1
10071,21.68943922,1.381623529,3.1,Male,White,BOT,T1,Unknown,1
10083,9.801597917,-1.172477083,3.5,Male,White,BOT,T2,Unknown,1
10085,0.577180392,-0.923088235,3.9,Male,White,BOT,T4,Unknown,1
10092,-8.316283673,-1.997844898,96.4,Male,White,BOT,T2,Unknown,1
10103,16.71177755,0.191395918,28.4,Male,White,BOT,T2,Unknown,1
10113,-15.48908571,-3.881563265,4.4,Male,White,BOT,T2,Unknown,1
10114,-11.99321224,-6.539526531,33.1,Male,White,BOT,T3,Unknown,0
10130,14.802632,4.43834,35.8,Male,White,BOT,T2,Unknown,1
10134,-5.835869388,-1.876561224,6,Male,White,BOT,T2,Unknown,1
10135,-8.055518,-5.323092,14,Male,White,BOT,T2,Unknown,1
10138,13.0175898,3.232206122,10.4,Male,White,BOT,T2,Unknown,1
10147,-2.047326531,-2.067955102,36.2,Male,White,BOT,T4,Unknown,1
10148,-3.980658824,-10.75979216,71.3,Male,White,BOT,T3,Unknown,1
10154,-13.18996939,-1.12274898,33.4,Female,White,BOT,T3,Unknown,1
10155,15.38623125,-12.48815,8.8,Male,White,BOT,T2,Unknown,1
10163,-17.97329245,-1.2861,49.9,Male,White,BOT,T3,Unknown,1
10164,-15.287094,-15.580032,13.4,Female,White,BOT,T4,Unknown,1
10174,-7.839626,1.15029,4.2,Male,White,BOT,T1,Unknown,1
10191,-21.46745014,1.74209437,42.2,Male,White,BOT,T1,Unknown,1
10199,-10.58037959,9.242495918,23.7,Male,Hispanic,BOT,T3,Unknown,1
110,16.443894,-5.360886,21.5,Male,White,GPS,T1,Positive,1
252,21.28659792,-3.8336625,12,Male,White,GPS,T2,Positive,1
261,-18.5063898,-8.022336735,14,Male,White,GPS,T1,Positive,1
10,-9.217106122,-4.566989796,38.4,Male,White,NOS,T3,Positive,1
104,-15.22008571,4.839312245,12.9,Male,White,NOS,T2,Positive,1
109,9.338657143,-0.659685714,3,Male,White,NOS,T1,Positive,1
120,-13.14328367,0.282095918,2.3,Male,White,NOS,T1,Positive,1
152,9.425685106,3.483306383,9,Male,White,NOS,T2,Positive,1
177,-13.135824,3.115102,9.3,Female,White,NOS,T3,Positive,1
180,0.707457143,9.340030612,9.4,Female,White,NOS,T3,Negative,1
283,-8.24064375,1.89695625,83.8,Male,Black,NOS,T4,Negative,1
5001,19.67897083,-3.080660417,24.6,Male,Black,NOS,T2,Negative,1
5008,-19.37870816,-8.778014286,8.8,Male,White,NOS,T2,Positive,1
10197,15.38000204,-2.488291837,29.4,Male,White,NOS,T3,Unknown,1
2030,-20,10,18.4,Male,White,Softpalate,T2,Positive,1
10094,-20,14.90085208,26.7,Male,White,Softpalate,T3,Unknown,0
3,18.9918102,3.669867347,3.1,Female,White,Tonsil,T2,Positive,1
27,0,0,0,Male,White,Tonsil,T2,Positive,1
31,17.29576939,2.279244898,7.6,Male,White,Tonsil,T1,Positive,1
33,15.28461091,4.901067273,7.3,Male,White,Tonsil,T1,Negative,1
34,-11.71539184,5.959573469,12.1,Male,White,Tonsil,T2,Positive,1
46,19.026256,2.537812,12.2,Female,White,Tonsil,T2,Positive,1
105,17.26559388,-1.445140816,28.7,Male,White,Tonsil,T3,Positive,1
112,20.707054,0.78411,51.3,Male,Black,Tonsil,T3,Positive,0
118,18.440564,-11.537774,5.9,Male,White,Tonsil,T2,Positive,0
119,16.34703725,-5.143331373,12.2,Male,White,Tonsil,T1,Positive,0
125,0,0,0,Male,White,Tonsil,T1,Positive,1
128,0,0,0,Male,White,Tonsil,T3,Negative,1
150,18.695886,6.77437,11.9,Male,White,Tonsil,T2,Positive,1
154,0,0,0,Female,White,Tonsil,T1,Positive,1
155,14.76661489,-2.400674468,7.2,Male,White,Tonsil,T2,Positive,1
156,0,0,0,Male,White,Tonsil,T2,Positive,1
160,0,0,0,Male,White,Tonsil,T1,Positive,1
164,15.70118333,-1.864347917,19.3,Male,White,Tonsil,T3,Positive,1
171,17.19182708,1.842720833,6.1,Male,White,Tonsil,T2,Positive,1
173,-12.17901667,1.60289375,8.2,Female,White,Tonsil,T2,Positive,1
176,-15.70658125,-0.817522917,9.3,Male,Black,Tonsil,T2,Positive,1
178,-21.44296327,5.412838776,9.3,Male,White,Tonsil,T1,Positive,1
179,12.17924211,-8.853684211,36.6,Male,White,Tonsil,T3,Positive,1
185,20.8043625,-1.8679,10.8,Male,White,Tonsil,T2,Positive,1
188,-15.07572708,-3.528266667,15.6,Male,White,Tonsil,T2,Positive,1
189,14.97238571,3.144810204,16.7,Male,White,Tonsil,T2,Positive,1
197,-15.83971875,-3.436172917,23.3,Female,White,Tonsil,T3,Positive,1
202,-25.81723673,7.95607551,1.8,Female,White,Tonsil,T1,Positive,1
209,-14.12120417,-3.05471875,9.8,Male,Asian,Tonsil,T2,Positive,1
212,-12.38564167,1.09039375,3.7,Male,White,Tonsil,T1,Positive,1
218,-12.29791837,1.761228571,32.2,Male,White,Tonsil,T3,Negative,1
221,0,0,0,Male,White,Tonsil,T1,Positive,1
226,21.33687708,7.2383375,12.1,Male,White,Tonsil,T1,Negative,1
228,-14.0335,3.046329167,20.5,Male,White,Tonsil,T2,Positive,1
229,16.91580408,1.974312245,17,Male,White,Tonsil,T3,Positive,1
234,12.6607125,0.22694375,29.4,Male,White,Tonsil,T1,Positive,1
237,12.74610851,4.885451064,14.9,Male,White,Tonsil,T1,Positive,1
246,14.56315,-9.80025625,52.8,Female,White,Tonsil,T4,Negative,1
251,17.7718,-0.414852083,6.4,Male,White,Tonsil,T1,Positive,1
256,-12.21540625,7.578852083,27.6,Male,White,Tonsil,T2,Positive,1
260,16.16471458,4.35446875,44.6,Male,White,Tonsil,T4,Negative,1
265,-12.04907292,1.364985417,24.6,Female,White,Tonsil,T3,Positive,0
285,-19.4054375,-4.252022917,8.9,Female,White,Tonsil,T2,Positive,0
2007,15.94347292,1.436608333,5.5,Female,White,Tonsil,T1,Positive,1
2011,-16.22684583,5.523016667,10.1,Male,White,Tonsil,T2,Positive,1
2024,0,0,0,Female,White,Tonsil,T1,Positive,1
2026,-20.71938125,1.366464583,10.2,Male,White,Tonsil,T1,Positive,1
2027,-14.61404286,-5.555710204,8.2,Male,White,Tonsil,T2,Positive,1
2028,0,0,0,Male,White,Tonsil,T2,Positive,1
5004,17.77600816,-2.259210204,12,Female,White,Tonsil,T2,Positive,1
5025,-34.89778085,10.99514255,1.4,Female,White,Tonsil,T3,Positive,1
5031,-18.68486458,4.364927083,1.9,Male,White,Tonsil,T1,Positive,1
5042,0,0,0,Male,NOS,Tonsil,T2,Positive,1
5056,-21.36670833,10.41070208,8.8,Female,White,Tonsil,T2,Positive,1
5058,17.12684792,3.545604167,18.4,Male,White,Tonsil,T2,Positive,1
5068,-15.82497708,-6.552554167,20.1,Female,White,Tonsil,T3,Positive,1
5077,0,0,0,Male,White,Tonsil,T1,Positive,1
5092,17.44518958,1.896485417,23.2,Male,White,Tonsil,T2,Positive,1
10014,14.515172,-0.57537,11.3,Male,White,Tonsil,T2,Unknown,1
10021,22.478161,5.160652333,73.3,Male,White,Tonsil,T4,Unknown,1
10036,21.74191569,-1.192641176,25,Male,White,Tonsil,T3,Unknown,1
10040,-17.98533462,-6.004367308,29.8,Male,White,Tonsil,T3,Unknown,1
10044,-22.27522292,1.463958333,65.6,Male,White,Tonsil,T4,Unknown,1
10061,7.382530769,-16.64925192,6.3,Male,White,Tonsil,T2,Unknown,1
10063,-14.05668431,-0.520390196,2,Male,Black,Tonsil,T2,Unknown,1
10070,5.88136875,-6.122002083,3,Male,White,Tonsil,T1,Unknown,1
10074,26,17.13425864,42.2,Male,White,Tonsil,T2,Unknown,1
10080,0,0,0,Male,White,Tonsil,T3,Unknown,1
10124,-13.56720204,-6.966918367,26.8,Male,White,Tonsil,T1,Unknown,1
10129,16.93260408,6.388455102,8.6,Male,White,Tonsil,T3,Unknown,1
10132,-14.787362,-3.99627,38.2,Male,White,Tonsil,T2,Unknown,1
10136,-8.628189796,-1.791934694,11.1,Male,White,Tonsil,T2,Unknown,1
10140,19.813304,-7.550102,15.9,Male,White,Tonsil,T3,Unknown,0
10143,-13.083075,-4.583228846,19.5,Male,White,Tonsil,T3,Unknown,1
10144,-14.52994082,1.677495918,17.9,Male,White,Tonsil,T3,Unknown,1
10145,13.363738,-5.199268,80,Female,White,Tonsil,T2,Unknown,1
10153,13.2392449,-3.870665306,14.3,Male,White,Tonsil,T2,Unknown,1
10157,-0.81467,-5.144916,18.5,Female,White,Tonsil,T3,Unknown,1
10159,14.97344286,-1.592161224,25.3,Male,White,Tonsil,T4,Unknown,0
10184,-8.636892,-2.960134,92.7,Male,White,Tonsil,T4,Unknown,1
10188,22.66010408,-3.981334694,24.8,Male,White,Tonsil,T4,Unknown,1
99992,-30,20,37.9,Male,White,Softpalate,T4,Unknown,1
